name,street,city,phone
Kaiser,6775 Spring Blvd,Moraga,(574)171-630
Community Center,8063 Valley Blvd,Orinda,(360)154-547
,9748 Cedar Way,Moraga,
Kaiser,3863 Willow Blvd,Lafayette,(444)998-874
Lobby,2165 Maple Rd,Orinda,(265)181-274
,8615 Hillcrest Ter,Lafayette,(173)201-614
Garage,620 Redwood Blvd,Lafayette,
Senior Center ,4274 Main Ter,Lafayette,(775)332-819
Lobby,7916 Sycamore Ave,Orinda,(719)393-857
,6034 Pine Dr,Moraga,(675)248-710
,5105 Sunset Dr,Orinda,(495)961-278
,8126 Birch Way,Lafayette,
,1319 Willow Blvd,Lafayette,(210)657-956
Rehab Facility,1623 Canyon Pl,Moraga,(815)346-186
Garage,385 Walnut Ln,Orinda,(487)923-317
Reception,8803 Valley Ln,Orinda,
Cool Apartment Complex,8965 Sycamore Ter,Moraga,(731)924-260
,1772 Central Way,Lafayette,(931)383-197
,4304 Cedar Blvd,Moraga,
,5245 Maple Rd,Moraga,(122)142-191
,1059 Main Blvd,Orinda,(511)907-231
Library,7629 Pine Dr,Moraga,
,2223 Cedar Blvd,Moraga,(511)899-457
,3479 Pine Ct,Lafayette,(231)148-175
,3142 Canyon St,Moraga,
,9967 Buena Vista Ln,Moraga,
,9685 Cedar Ct,Orinda,(831)391-788
,9444 Meadow Ave,Lafayette,(320)791-298
,7904 Redwood Way,Orinda,(926)421-498
,1878 Maple Ter,Orinda,
Transit Hub,4402 Birch Ave,Orinda,(175)750-300
Garage,1204 Buena Vista Way,Lafayette,(609)139-136
,158 Central Rd,Lafayette,(488)686-544
Reception,4439 Main Rd,Orinda,(327)169-145
,6541 Highland Dr,Moraga,(358)499-584
,4533 Cedar Ter,Moraga,
Trader Joe's,6311 Hillcrest Rd,Orinda,(581)583-197
,4868 Sycamore Blvd,Lafayette,(125)838-268
,9613 Birch St,Orinda,(807)780-324
,6322 Canyon Ave,Orinda,(801)586-184
,8504 Oak Ter,Orinda,(368)109-664
,4889 Highland Way,Orinda,(396)689-106
Random Bakery,4171 Buena Vista Pl,Orinda,(287)915-201
,5952 Walnut Way,Moraga,
,1724 Maple Dr,Orinda,(880)463-694
,8405 Spring Ter,Lafayette,(537)274-990
,4107 Sunset St,Lafayette,
,1940 Elm Ct,Orinda,(633)834-716
,6538 Valley Ct,Orinda,
Support Services,6494 Spring Rd,Lafayette,(767)564-112
,9186 Maple Way,Moraga,
,741 Spring Ave,Lafayette,(960)129-453
,8412 Valley Way,Orinda,(290)287-786
,5667 Highland Ct,Lafayette,
,3755 Canyon Rd,Orinda,(388)513-652
,9277 Pine Ct,Orinda,
,638 Valley St,Lafayette,(775)363-439
,8821 Maple Ave,Moraga,(456)104-810
,6760 Willow Ave,Orinda,
,2839 Canyon Ct,Moraga,(904)830-162
,2663 Elm Dr,Lafayette,(350)310-186
Activity Hall,1560 Canyon Ave,Lafayette,
,1225 Cedar Way,Orinda,(718)692-989
,3152 Oak Way,Orinda,
,8792 Birch Way,Moraga,(304)856-299
,891 Canyon Blvd,Moraga,(354)602-218
,3429 Maple St,Moraga,(807)143-347
,445 Highland Ave,Lafayette,(776)233-546
,509 Elm St,Moraga,(259)869-625
,1947 Buena Vista Ave,Lafayette,(469)251-151
,4541 Spring Ct,Moraga,(139)607-325
,4310 Central Rd,Orinda,
,3891 Redwood Blvd,Moraga,(354)694-840
,9634 Main Ct,Orinda,(254)947-359
,9631 Hillcrest Dr,Moraga,(535)987-716
,3458 Maple Ave,Moraga,
,8154 Sycamore Rd,Lafayette,(688)919-568
,6216 Pine Rd,Moraga,(118)464-977
,1868 Valley Ct,Orinda,(974)300-610
,1638 Walnut Ave,Lafayette,
,6208 Highland Pl,Orinda,(594)718-947
,3543 Main Blvd,Orinda,(805)115-877
,9663 Redwood Ln,Lafayette,(478)559-672
,9220 Sycamore Dr,Lafayette,(364)719-994
,9141 Main Way,Lafayette,
,2566 Willow Rd,Orinda,(542)358-478
,2005 Walnut St,Moraga,(297)135-919
,2022 Valley Rd,Moraga,(106)945-235
,3285 Maple Ct,Orinda,(934)290-453
,816 Willow Ave,Moraga,(148)323-131
,2087 Oak Ln,Moraga,
,3182 Valley Blvd,Orinda,(183)676-890
,9342 Birch Dr,Moraga,(395)269-398
,4441 Pine Ln,Orinda,(293)776-944
,2100 Sunset Dr,Lafayette,(902)481-526
,6215 Elm Ln,Orinda,(596)846-715
,392 Canyon Blvd,Orinda,
,3097 Walnut Ln,Moraga,(133)864-995
,8005 Redwood Ave,Moraga,(853)814-415
,1133 Sycamore Dr,Lafayette,(587)831-195
